t_s,sensor,true_cm,angle_deg,height_cm,tag,raw,out,has,status,n,pulse,calc,rej
0.03200000000651926,2,150.0,,,acc2,146.4,146.4,1,OK,9,8538,nan,
0.14100000000325963,2,150.0,,,acc2,146.4,146.4,1,OK,9,8538,nan,
0.26600000000325963,2,150.0,,,acc2,146.4,146.4,1,OK,9,8539,nan,
0.375,2,150.0,,,acc2,146.4,146.4,1,OK,9,8539,nan,
0.42199999999138527,2,150.0,,,acc2,146.4,146.4,1,OK,9,8538,nan,
0.5320000000065193,2,150.0,,,acc2,146.4,146.4,1,OK,9,8538,nan,
0.625,2,150.0,,,acc2,146.4,146.4,1,OK,9,8538,nan,
0.7349999999860302,2,150.0,,,acc2,146.4,146.4,1,OK,9,8538,nan,
0.8289999999979045,2,150.0,,,acc2,146.4,146.4,1,OK,9,8539,nan,
0.9379999999946449,2,150.0,,,acc2,146.4,146.4,1,OK,9,8539,nan,
1.0320000000065193,2,150.0,,,acc2,146.5,146.4,1,OK,9,8540,nan,
1.125,2,150.0,,,acc2,146.4,146.4,1,OK,9,8539,nan,
1.2660000000032596,2,150.0,,,acc2,146.5,146.4,1,OK,9,8540,nan,
1.4070000000065193,2,150.0,,,acc2,146.5,146.4,1,OK,9,8540,nan,
1.437999999994645,2,150.0,,,acc2,146.4,146.4,1,OK,9,8539,nan,
1.5320000000065193,2,150.0,,,acc2,146.4,146.4,1,OK,9,8539,nan,
1.6410000000032596,2,150.0,,,acc2,146.4,146.4,1,OK,9,8539,nan,
1.7349999999860302,2,150.0,,,acc2,146.4,146.4,1,OK,9,8539,nan,
1.8289999999979045,2,150.0,,,acc2,146.4,146.4,1,OK,9,8538,nan,
1.937999999994645,2,150.0,,,acc2,146.4,146.4,1,OK,9,8539,nan,
2.0320000000065193,2,150.0,,,acc2,146.4,146.4,1,OK,9,8539,nan,
2.125,2,150.0,,,acc2,146.4,146.4,1,OK,9,8539,nan,
2.2660000000032596,2,150.0,,,acc2,146.5,146.4,1,OK,9,8540,nan,
2.35999999998603,2,150.0,,,acc2,146.5,146.4,1,OK,9,8540,nan,
2.4219999999913853,2,150.0,,,acc2,146.4,146.4,1,OK,9,8539,nan,
2.5320000000065193,2,150.0,,,acc2,146.4,146.4,1,OK,9,8538,nan,
2.625,2,150.0,,,acc2,146.4,146.4,1,OK,9,8538,nan,
2.7190000000118744,2,150.0,,,acc2,146.4,146.4,1,OK,9,8539,nan,
2.8289999999979045,2,150.0,,,acc2,146.4,146.4,1,OK,9,8538,nan,
2.9219999999913853,2,150.0,,,acc2,146.4,146.4,1,OK,9,8539,nan,
3.0320000000065193,2,150.0,,,acc2,146.4,146.4,1,OK,9,8538,nan,
3.1410000000032596,2,150.0,,,acc2,146.4,146.4,1,OK,9,8539,nan,
3.2660000000032596,2,150.0,,,acc2,146.4,146.4,1,OK,9,8539,nan,
3.35999999998603,2,150.0,,,acc2,146.4,146.4,1,OK,9,8539,nan,
3.437999999994645,2,150.0,,,acc2,146.4,146.4,1,OK,9,8539,nan,
3.5320000000065193,2,150.0,,,acc2,146.4,146.4,1,OK,9,8538,nan,
3.625,2,150.0,,,acc2,146.4,146.4,1,OK,9,8538,nan,
3.73499999998603,2,150.0,,,acc2,146.4,146.4,1,OK,9,8538,nan,
3.8289999999979045,2,150.0,,,acc2,146.4,146.4,1,OK,9,8538,nan,
3.937999999994645,2,150.0,,,acc2,146.4,146.4,1,OK,9,8539,nan,
4.032000000006519,2,150.0,,,acc2,146.4,146.4,1,OK,9,8539,nan,
4.125,2,150.0,,,acc2,146.5,146.4,1,OK,9,8540,nan,
4.26600000000326,2,150.0,,,acc2,146.5,146.4,1,OK,9,8542,nan,
4.375,2,150.0,,,acc2,146.5,146.4,1,OK,9,8542,nan,
4.437999999994645,2,150.0,,,acc2,146.5,146.4,1,OK,9,8541,nan,
4.532000000006519,2,150.0,,,acc2,146.5,146.4,1,OK,9,8540,nan,
4.64100000000326,2,150.0,,,acc2,146.5,146.5,1,OK,9,8540,nan,
4.719000000011874,2,150.0,,,acc2,146.5,146.5,1,OK,9,8540,nan,
4.8289999999979045,2,150.0,,,acc2,146.5,146.5,1,OK,9,8541,nan,
4.937999999994645,2,150.0,,,acc2,146.4,146.5,1,OK,9,8539,nan,
5.032000000006519,2,150.0,,,acc2,146.5,146.5,1,OK,9,8540,nan,
5.14100000000326,2,150.0,,,acc2,146.5,146.5,1,OK,9,8540,nan,
5.282000000006519,2,150.0,,,acc2,146.5,146.5,1,OK,9,8543,nan,
5.35999999998603,2,150.0,,,acc2,146.5,146.5,1,OK,9,8542,nan,
5.421999999991385,2,150.0,,,acc2,146.5,146.5,1,OK,9,8540,nan,
5.532000000006519,2,150.0,,,acc2,146.5,146.5,1,OK,9,8540,nan,
5.625,2,150.0,,,acc2,146.5,146.5,1,OK,9,8540,nan,
5.73499999998603,2,150.0,,,acc2,146.5,146.5,1,OK,9,8540,nan,
5.8289999999979045,2,150.0,,,acc2,146.5,146.5,1,OK,9,8540,nan,
5.921999999991385,2,150.0,,,acc2,146.5,146.5,1,OK,9,8540,nan,
6.032000000006519,2,150.0,,,acc2,146.5,146.5,1,OK,9,8540,nan,
6.125,2,150.0,,,acc2,146.4,146.5,1,OK,9,8539,nan,
6.26600000000326,2,150.0,,,acc2,146.5,146.5,1,OK,9,8542,nan,
6.375,2,150.0,,,acc2,146.5,146.5,1,OK,9,8541,nan,
6.421999999991385,2,150.0,,,acc2,146.5,146.5,1,OK,9,8540,nan,
6.532000000006519,2,150.0,,,acc2,146.5,146.5,1,OK,9,8540,nan,
6.625,2,150.0,,,acc2,146.5,146.5,1,OK,9,8541,nan,
6.719000000011874,2,150.0,,,acc2,146.5,146.5,1,OK,9,8540,nan,
6.8289999999979045,2,150.0,,,acc2,146.5,146.5,1,OK,9,8540,nan,
6.921999999991385,2,150.0,,,acc2,146.5,146.5,1,OK,9,8540,nan,
7.032000000006519,2,150.0,,,acc2,146.5,146.5,1,OK,9,8541,nan,
7.125,2,150.0,,,acc2,146.5,146.5,1,OK,9,8542,nan,
7.26600000000326,2,150.0,,,acc2,146.5,146.5,1,OK,9,8544,nan,
7.375,2,150.0,,,acc2,146.5,146.5,1,OK,9,8543,nan,
7.421999999991385,2,150.0,,,acc2,146.5,146.5,1,OK,9,8541,nan,
7.532000000006519,2,150.0,,,acc2,146.5,146.5,1,OK,9,8542,nan,
7.625,2,150.0,,,acc2,146.5,146.5,1,OK,9,8542,nan,
7.73499999998603,2,150.0,,,acc2,146.5,146.5,1,OK,9,8542,nan,
7.8289999999979045,2,150.0,,,acc2,146.5,146.5,1,OK,9,8542,nan,
7.921999999991385,2,150.0,,,acc2,146.5,146.5,1,OK,9,8543,nan,
8.03200000000652,2,150.0,,,acc2,146.5,146.5,1,OK,9,8542,nan,
8.14100000000326,2,150.0,,,acc2,146.5,146.5,1,OK,9,8542,nan,
8.26600000000326,2,150.0,,,acc2,146.5,146.5,1,OK,9,8542,nan,
8.35999999998603,2,150.0,,,acc2,146.5,146.5,1,OK,9,8542,nan,
8.421999999991385,2,150.0,,,acc2,146.5,146.5,1,OK,9,8541,nan,
8.53200000000652,2,150.0,,,acc2,146.5,146.5,1,OK,9,8541,nan,
8.625,2,150.0,,,acc2,146.5,146.5,1,OK,9,8542,nan,
8.73499999998603,2,150.0,,,acc2,146.5,146.5,1,OK,9,8543,nan,
8.828999999997905,2,150.0,,,acc2,146.5,146.5,1,OK,9,8543,nan,
8.937999999994645,2,150.0,,,acc2,146.5,146.5,1,OK,9,8543,nan,
9.03200000000652,2,150.0,,,acc2,146.5,146.5,1,OK,9,8542,nan,
9.125,2,150.0,,,acc2,146.5,146.5,1,OK,9,8542,nan,
9.28200000000652,2,150.0,,,acc2,146.5,146.5,1,OK,9,8543,nan,
9.375,2,150.0,,,acc2,146.5,146.5,1,OK,9,8543,nan,
9.421999999991385,2,150.0,,,acc2,146.5,146.5,1,OK,9,8543,nan,
9.53200000000652,2,150.0,,,acc2,146.5,146.5,1,OK,9,8542,nan,
9.625,2,150.0,,,acc2,146.5,146.5,1,OK,9,8543,nan,
9.73499999998603,2,150.0,,,acc2,146.5,146.5,1,OK,9,8541,nan,
9.828999999997905,2,150.0,,,acc2,146.5,146.5,1,OK,9,8542,nan,
9.937999999994645,2,150.0,,,acc2,146.5,146.5,1,OK,9,8542,nan,
10.03200000000652,2,150.0,,,acc2,146.5,146.5,1,OK,9,8542,nan,
10.125,2,150.0,,,acc2,146.5,146.5,1,OK,9,8542,nan,
10.26600000000326,2,150.0,,,acc2,146.5,146.5,1,OK,9,8543,nan,
10.375,2,150.0,,,acc2,146.5,146.5,1,OK,9,8543,nan,
10.421999999991385,2,150.0,,,acc2,146.5,146.5,1,OK,9,8541,nan,
10.53200000000652,2,150.0,,,acc2,146.5,146.5,1,OK,9,8541,nan,
10.625,2,150.0,,,acc2,146.5,146.5,1,OK,9,8541,nan,
10.73499999998603,2,150.0,,,acc2,146.5,146.5,1,OK,9,8540,nan,
10.828999999997905,2,150.0,,,acc2,146.5,146.5,1,OK,9,8540,nan,
10.937999999994645,2,150.0,,,acc2,146.5,146.5,1,OK,9,8540,nan,
11.01600000000326,2,150.0,,,acc2,146.4,146.5,1,OK,9,8539,nan,
11.14100000000326,2,150.0,,,acc2,146.5,146.5,1,OK,9,8540,nan,
11.26600000000326,2,150.0,,,acc2,146.4,146.5,1,OK,9,8539,nan,
11.375,2,150.0,,,acc2,146.5,146.5,1,OK,9,8540,nan,
11.421999999991385,2,150.0,,,acc2,146.4,146.5,1,OK,9,8539,nan,
11.53200000000652,2,150.0,,,acc2,146.4,146.5,1,OK,9,8539,nan,
11.625,2,150.0,,,acc2,146.4,146.5,1,OK,9,8539,nan,
11.73499999998603,2,150.0,,,acc2,146.4,146.5,1,OK,9,8539,nan,
11.828999999997905,2,150.0,,,acc2,146.4,146.5,1,OK,9,8539,nan,
11.937999999994645,2,150.0,,,acc2,146.4,146.4,1,OK,9,8539,nan,
12.03200000000652,2,150.0,,,acc2,146.5,146.4,1,OK,9,8540,nan,
12.14100000000326,2,150.0,,,acc2,146.5,146.4,1,OK,9,8540,nan,
12.28200000000652,2,150.0,,,acc2,146.5,146.4,1,OK,9,8540,nan,
12.375,2,150.0,,,acc2,146.5,146.4,1,OK,9,8540,nan,
12.437999999994645,2,150.0,,,acc2,146.4,146.4,1,OK,9,8538,nan,
12.53200000000652,2,150.0,,,acc2,146.4,146.4,1,OK,9,8538,nan,
12.625,2,150.0,,,acc2,146.4,146.4,1,OK,9,8539,nan,
12.73499999998603,2,150.0,,,acc2,146.4,146.4,1,OK,9,8539,nan,
12.828999999997905,2,150.0,,,acc2,146.5,146.4,1,OK,9,8540,nan,
12.921999999991385,2,150.0,,,acc2,146.4,146.4,1,OK,9,8539,nan,
13.03200000000652,2,150.0,,,acc2,146.4,146.4,1,OK,9,8538,nan,
13.125,2,150.0,,,acc2,146.4,146.4,1,OK,9,8539,nan,
13.26600000000326,2,150.0,,,acc2,146.5,146.4,1,OK,9,8540,nan,
13.40700000000652,2,150.0,,,acc2,146.5,146.4,1,OK,9,8540,nan,
13.437999999994645,2,150.0,,,acc2,146.4,146.4,1,OK,9,8539,nan,
13.53200000000652,2,150.0,,,acc2,146.4,146.4,1,OK,9,8539,nan,
13.64100000000326,2,150.0,,,acc2,146.4,146.4,1,OK,9,8539,nan,
13.73499999998603,2,150.0,,,acc2,146.4,146.4,1,OK,9,8539,nan,
13.875,2,150.0,,,acc2,146.4,146.4,1,OK,9,8539,nan,
13.937999999994645,2,150.0,,,acc2,146.4,146.4,1,OK,9,8539,nan,
14.03200000000652,2,150.0,,,acc2,146.4,146.4,1,OK,9,8539,nan,
14.125,2,150.0,,,acc2,146.4,146.4,1,OK,9,8539,nan,
14.26600000000326,2,150.0,,,acc2,146.5,146.4,1,OK,9,8540,nan,
14.35999999998603,2,150.0,,,acc2,146.4,146.4,1,OK,9,8539,nan,
14.437999999994645,2,150.0,,,acc2,146.4,146.4,1,OK,9,8538,nan,
14.53200000000652,2,150.0,,,acc2,146.4,146.4,1,OK,9,8538,nan,
14.64100000000326,2,150.0,,,acc2,146.4,146.4,1,OK,9,8538,nan,
14.73499999998603,2,150.0,,,acc2,146.4,146.4,1,OK,9,8539,nan,
14.828999999997905,2,150.0,,,acc2,146.4,146.4,1,OK,9,8538,nan,
14.937999999994645,2,150.0,,,acc2,146.4,146.4,1,OK,9,8539,nan,
15.03200000000652,2,150.0,,,acc2,146.4,146.4,1,OK,9,8538,nan,
15.125,2,150.0,,,acc2,146.4,146.4,1,OK,9,8538,nan,
15.26600000000326,2,150.0,,,acc2,146.4,146.4,1,OK,9,8539,nan,
15.375,2,150.0,,,acc2,146.5,146.4,1,OK,9,8540,nan,
15.421999999991385,2,150.0,,,acc2,146.4,146.4,1,OK,9,8538,nan,
15.53200000000652,2,150.0,,,acc2,146.4,146.4,1,OK,9,8538,nan,
15.625,2,150.0,,,acc2,146.4,146.4,1,OK,9,8538,nan,
15.73499999998603,2,150.0,,,acc2,146.4,146.4,1,OK,9,8537,nan,
15.828999999997905,2,150.0,,,acc2,146.4,146.4,1,OK,9,8537,nan,
15.921999999991385,2,150.0,,,acc2,146.4,146.4,1,OK,9,8537,nan,
16.03200000000652,2,150.0,,,acc2,146.4,146.4,1,OK,9,8537,nan,
16.14100000000326,2,150.0,,,acc2,146.4,146.4,1,OK,9,8537,nan,
16.26600000000326,2,150.0,,,acc2,146.4,146.4,1,OK,9,8538,nan,
16.375,2,150.0,,,acc2,146.4,146.4,1,OK,9,8538,nan,
16.421999999991385,2,150.0,,,acc2,146.4,146.4,1,OK,9,8538,nan,
16.53200000000652,2,150.0,,,acc2,146.4,146.4,1,OK,9,8537,nan,
16.625,2,150.0,,,acc2,146.4,146.4,1,OK,9,8538,nan,
16.73499999998603,2,150.0,,,acc2,146.4,146.4,1,OK,9,8538,nan,
16.828999999997905,2,150.0,,,acc2,146.4,146.4,1,OK,9,8538,nan,
16.937999999994645,2,150.0,,,acc2,146.4,146.4,1,OK,9,8538,nan,
17.03200000000652,2,150.0,,,acc2,146.4,146.4,1,OK,9,8538,nan,
17.125,2,150.0,,,acc2,146.4,146.4,1,OK,9,8538,nan,
17.26600000000326,2,150.0,,,acc2,146.4,146.4,1,OK,9,8539,nan,
17.375,2,150.0,,,acc2,146.4,146.4,1,OK,9,8539,nan,
17.421999999991385,2,150.0,,,acc2,146.4,146.4,1,OK,9,8538,nan,
17.53200000000652,2,150.0,,,acc2,146.4,146.4,1,OK,9,8538,nan,
17.625,2,150.0,,,acc2,146.4,146.4,1,OK,9,8539,nan,
17.73499999998603,2,150.0,,,acc2,146.4,146.4,1,OK,9,8538,nan,
17.828999999997905,2,150.0,,,acc2,146.4,146.4,1,OK,9,8538,nan,
17.921999999991385,2,150.0,,,acc2,146.4,146.4,1,OK,9,8538,nan,
18.03200000000652,2,150.0,,,acc2,146.4,146.4,1,OK,9,8539,nan,
18.14100000000326,2,150.0,,,acc2,146.4,146.4,1,OK,9,8538,nan,
18.26600000000326,2,150.0,,,acc2,146.5,146.4,1,OK,9,8540,nan,
18.375,2,150.0,,,acc2,146.5,146.4,1,OK,9,8540,nan,
18.421999999991385,2,150.0,,,acc2,146.5,146.4,1,OK,9,8540,nan,
18.53200000000652,2,150.0,,,acc2,146.5,146.4,1,OK,9,8540,nan,
18.625,2,150.0,,,acc2,146.5,146.4,1,OK,9,8540,nan,
18.73499999998603,2,150.0,,,acc2,146.5,146.4,1,OK,9,8541,nan,
18.828999999997905,2,150.0,,,acc2,146.5,146.5,1,OK,9,8540,nan,
18.937999999994645,2,150.0,,,acc2,146.5,146.5,1,OK,9,8540,nan,
19.03200000000652,2,150.0,,,acc2,146.4,146.5,1,OK,9,8539,nan,
19.14100000000326,2,150.0,,,acc2,146.5,146.5,1,OK,9,8540,nan,
19.26600000000326,2,150.0,,,acc2,146.5,146.5,1,OK,9,8541,nan,
19.375,2,150.0,,,acc2,146.5,146.5,1,OK,9,8541,nan,
19.437999999994645,2,150.0,,,acc2,146.5,146.5,1,OK,9,8540,nan,
19.53200000000652,2,150.0,,,acc2,146.5,146.5,1,OK,9,8541,nan,
19.625,2,150.0,,,acc2,146.5,146.5,1,OK,9,8541,nan,
19.719000000011874,2,150.0,,,acc2,146.5,146.5,1,OK,9,8540,nan,
19.828999999997905,2,150.0,,,acc2,146.5,146.5,1,OK,9,8540,nan,
19.937999999994645,2,150.0,,,acc2,146.5,146.5,1,OK,9,8540,nan,
20.03200000000652,2,150.0,,,acc2,146.5,146.5,1,OK,9,8541,nan,
20.125,2,150.0,,,acc2,146.5,146.5,1,OK,9,8540,nan,
20.26600000000326,2,150.0,,,acc2,146.5,146.5,1,OK,9,8542,nan,
20.35999999998603,2,150.0,,,acc2,146.5,146.5,1,OK,9,8542,nan,
20.437999999994645,2,150.0,,,acc2,146.5,146.5,1,OK,9,8541,nan,
20.53200000000652,2,150.0,,,acc2,146.5,146.5,1,OK,9,8541,nan,
20.64100000000326,2,150.0,,,acc2,146.5,146.5,1,OK,9,8541,nan,
20.719000000011874,2,150.0,,,acc2,146.5,146.5,1,OK,9,8540,nan,
20.828999999997905,2,150.0,,,acc2,146.5,146.5,1,OK,9,8540,nan,
20.937999999994645,2,150.0,,,acc2,146.5,146.5,1,OK,9,8540,nan,
21.03200000000652,2,150.0,,,acc2,146.5,146.5,1,OK,9,8540,nan,
21.14100000000326,2,150.0,,,acc2,146.4,146.5,1,OK,9,8539,nan,
21.26600000000326,2,150.0,,,acc2,146.5,146.5,1,OK,9,8541,nan,
21.375,2,150.0,,,acc2,146.5,146.5,1,OK,9,8541,nan,
21.437999999994645,2,150.0,,,acc2,146.5,146.5,1,OK,9,8540,nan,
21.53200000000652,2,150.0,,,acc2,146.5,146.5,1,OK,9,8540,nan,
21.64100000000326,2,150.0,,,acc2,146.4,146.5,1,OK,9,8539,nan,
21.73499999998603,2,150.0,,,acc2,146.5,146.5,1,OK,9,8540,nan,
21.828999999997905,2,150.0,,,acc2,146.4,146.5,1,OK,9,8539,nan,
21.937999999994645,2,150.0,,,acc2,146.5,146.5,1,OK,9,8540,nan,
22.03200000000652,2,150.0,,,acc2,146.4,146.5,1,OK,9,8539,nan,
22.14100000000326,2,150.0,,,acc2,146.4,146.5,1,OK,9,8539,nan,
22.26600000000326,2,150.0,,,acc2,146.5,146.5,1,OK,9,8541,nan,
22.375,2,150.0,,,acc2,146.5,146.5,1,OK,9,8541,nan,
22.437999999994645,2,150.0,,,acc2,146.5,146.5,1,OK,9,8540,nan,
22.53200000000652,2,150.0,,,acc2,146.4,146.5,1,OK,9,8539,nan,
22.64100000000326,2,150.0,,,acc2,146.4,146.5,1,OK,9,8539,nan,
22.73499999998603,2,150.0,,,acc2,146.5,146.5,1,OK,9,8540,nan,
22.828999999997905,2,150.0,,,acc2,146.5,146.5,1,OK,9,8540,nan,
22.937999999994645,2,150.0,,,acc2,146.4,146.5,1,OK,9,8539,nan,
23.01600000000326,2,150.0,,,acc2,146.5,146.5,1,OK,9,8540,nan,
23.125,2,150.0,,,acc2,146.4,146.5,1,OK,9,8539,nan,
23.26600000000326,2,150.0,,,acc2,146.5,146.5,1,OK,9,8541,nan,
23.375,2,150.0,,,acc2,146.5,146.5,1,OK,9,8541,nan,
23.421999999991385,2,150.0,,,acc2,146.4,146.5,1,OK,9,8539,nan,
23.53200000000652,2,150.0,,,acc2,146.5,146.5,1,OK,9,8540,nan,
23.625,2,150.0,,,acc2,146.4,146.5,1,OK,9,8539,nan,
23.73499999998603,2,150.0,,,acc2,146.5,146.5,1,OK,9,8540,nan,
23.828999999997905,2,150.0,,,acc2,146.4,146.5,1,OK,9,8539,nan,
23.921999999991385,2,150.0,,,acc2,146.4,146.5,1,OK,9,8539,nan,
24.03200000000652,2,150.0,,,acc2,146.4,146.5,1,OK,9,8539,nan,
24.125,2,150.0,,,acc2,146.5,146.4,1,OK,9,8540,nan,
24.26600000000326,2,150.0,,,acc2,146.5,146.4,1,OK,9,8541,nan,
24.35999999998603,2,150.0,,,acc2,146.5,146.5,1,OK,9,8541,nan,
24.421999999991385,2,150.0,,,acc2,146.5,146.5,1,OK,9,8540,nan,
24.53200000000652,2,150.0,,,acc2,146.5,146.5,1,OK,9,8540,nan,
24.625,2,150.0,,,acc2,146.5,146.5,1,OK,9,8540,nan,
24.73499999998603,2,150.0,,,acc2,146.5,146.5,1,OK,9,8540,nan,
24.828999999997905,2,150.0,,,acc2,146.5,146.5,1,OK,9,8540,nan,
24.937999999994645,2,150.0,,,acc2,146.5,146.5,1,OK,9,8541,nan,
25.03200000000652,2,150.0,,,acc2,146.5,146.5,1,OK,9,8540,nan,
25.125,2,150.0,,,acc2,146.5,146.5,1,OK,9,8540,nan,
25.28200000000652,2,150.0,,,acc2,146.5,146.5,1,OK,9,8541,nan,
25.375,2,150.0,,,acc2,146.5,146.5,1,OK,9,8541,nan,
25.421999999991385,2,150.0,,,acc2,146.5,146.5,1,OK,9,8540,nan,
25.53200000000652,2,150.0,,,acc2,146.5,146.5,1,OK,9,8541,nan,
25.625,2,150.0,,,acc2,146.5,146.5,1,OK,9,8540,nan,
25.73499999998603,2,150.0,,,acc2,146.4,146.5,1,OK,9,8539,nan,
25.828999999997905,2,150.0,,,acc2,146.4,146.5,1,OK,9,8539,nan,
25.921999999991385,2,150.0,,,acc2,146.5,146.5,1,OK,9,8540,nan,
26.01600000000326,2,150.0,,,acc2,146.5,146.5,1,OK,9,8541,nan,
26.14100000000326,2,150.0,,,acc2,146.5,146.5,1,OK,9,8540,nan,
26.28200000000652,2,150.0,,,acc2,146.5,146.5,1,OK,9,8541,nan,
26.375,2,150.0,,,acc2,146.5,146.5,1,OK,9,8541,nan,
26.421999999991385,2,150.0,,,acc2,146.5,146.5,1,OK,9,8540,nan,
26.53200000000652,2,150.0,,,acc2,146.5,146.5,1,OK,9,8540,nan,
26.64100000000326,2,150.0,,,acc2,146.5,146.5,1,OK,9,8541,nan,
26.73499999998603,2,150.0,,,acc2,146.5,146.5,1,OK,9,8541,nan,
26.828999999997905,2,150.0,,,acc2,146.5,146.5,1,OK,9,8541,nan,
26.921999999991385,2,150.0,,,acc2,146.5,146.5,1,OK,9,8541,nan,
27.03200000000652,2,150.0,,,acc2,146.5,146.5,1,OK,9,8541,nan,
27.125,2,150.0,,,acc2,146.5,146.5,1,OK,9,8541,nan,
27.26600000000326,2,150.0,,,acc2,146.5,146.5,1,OK,9,8542,nan,
27.35999999998603,2,150.0,,,acc2,146.5,146.5,1,OK,9,8542,nan,
27.421999999991385,2,150.0,,,acc2,146.5,146.5,1,OK,9,8540,nan,
27.51600000000326,2,150.0,,,acc2,146.5,146.5,1,OK,9,8541,nan,
27.64100000000326,2,150.0,,,acc2,146.5,146.5,1,OK,9,8540,nan,
27.73499999998603,2,150.0,,,acc2,146.5,146.5,1,OK,9,8540,nan,
27.828999999997905,2,150.0,,,acc2,146.5,146.5,1,OK,9,8541,nan,
27.937999999994645,2,150.0,,,acc2,146.4,146.5,1,OK,9,8539,nan,
28.03200000000652,2,150.0,,,acc2,146.5,146.5,1,OK,9,8540,nan,
28.125,2,150.0,,,acc2,146.4,146.5,1,OK,9,8539,nan,
28.26600000000326,2,150.0,,,acc2,146.5,146.5,1,OK,9,8540,nan,
28.375,2,150.0,,,acc2,146.4,146.5,1,OK,9,8539,nan,
28.421999999991385,2,150.0,,,acc2,146.4,146.5,1,OK,9,8538,nan,
28.51600000000326,2,150.0,,,acc2,146.4,146.5,1,OK,9,8539,nan,
28.64100000000326,2,150.0,,,acc2,146.4,146.5,1,OK,9,8538,nan,
28.73499999998603,2,150.0,,,acc2,146.4,146.5,1,OK,9,8538,nan,
28.828999999997905,2,150.0,,,acc2,146.4,146.4,1,OK,9,8538,nan,
28.921999999991385,2,150.0,,,acc2,146.4,146.4,1,OK,9,8538,nan,
29.03200000000652,2,150.0,,,acc2,146.4,146.4,1,OK,9,8538,nan,
29.125,2,150.0,,,acc2,146.4,146.4,1,OK,9,8539,nan,
29.28200000000652,2,150.0,,,acc2,146.5,146.4,1,OK,9,8540,nan,
29.375,2,150.0,,,acc2,146.5,146.4,1,OK,9,8541,nan,
29.421999999991385,2,150.0,,,acc2,146.4,146.4,1,OK,9,8539,nan,
29.53200000000652,2,150.0,,,acc2,146.5,146.4,1,OK,9,8540,nan,
29.625,2,150.0,,,acc2,146.5,146.4,1,OK,9,8540,nan,
29.73499999998603,2,150.0,,,acc2,146.5,146.4,1,OK,9,8541,nan,
29.828999999997905,2,150.0,,,acc2,146.5,146.4,1,OK,9,8541,nan,
29.921999999991385,2,150.0,,,acc2,146.5,146.5,1,OK,9,8540,nan,
30.03200000000652,2,150.0,,,acc2,146.5,146.5,1,OK,9,8541,nan,
30.125,2,150.0,,,acc2,146.5,146.5,1,OK,9,8540,nan,
30.28200000000652,2,150.0,,,acc2,146.5,146.5,1,OK,9,8541,nan,
30.375,2,150.0,,,acc2,146.5,146.5,1,OK,9,8541,nan,
30.437999999994645,2,150.0,,,acc2,146.5,146.5,1,OK,9,8541,nan,
30.53200000000652,2,150.0,,,acc2,146.5,146.5,1,OK,9,8540,nan,
30.64100000000326,2,150.0,,,acc2,146.5,146.5,1,OK,9,8540,nan,
30.73499999998603,2,150.0,,,acc2,146.5,146.5,1,OK,9,8540,nan,
30.828999999997905,2,150.0,,,acc2,146.5,146.5,1,OK,9,8540,nan,
30.921999999991385,2,150.0,,,acc2,146.5,146.5,1,OK,9,8540,nan,
31.01600000000326,2,150.0,,,acc2,146.4,146.5,1,OK,9,8539,nan,
31.125,2,150.0,,,acc2,146.5,146.5,1,OK,9,8540,nan,
31.26600000000326,2,150.0,,,acc2,146.5,146.5,1,OK,9,8541,nan,
31.375,2,150.0,,,acc2,146.5,146.5,1,OK,9,8541,nan,
31.421999999991385,2,150.0,,,acc2,146.5,146.5,1,OK,9,8540,nan,
31.53200000000652,2,150.0,,,acc2,146.5,146.5,1,OK,9,8540,nan,
31.64100000000326,2,150.0,,,acc2,146.5,146.5,1,OK,9,8540,nan,
31.73499999998603,2,150.0,,,acc2,146.5,146.5,1,OK,9,8540,nan,
31.828999999997905,2,150.0,,,acc2,146.5,146.5,1,OK,9,8541,nan,
31.937999999994645,2,150.0,,,acc2,146.5,146.5,1,OK,9,8542,nan,
32.03200000000652,2,150.0,,,acc2,146.5,146.5,1,OK,9,8541,nan,
32.14100000000326,2,150.0,,,acc2,146.5,146.5,1,OK,9,8540,nan,
32.26600000000326,2,150.0,,,acc2,146.5,146.5,1,OK,9,8542,nan,
32.375,2,150.0,,,acc2,146.5,146.5,1,OK,9,8542,nan,
32.437999999994645,2,150.0,,,acc2,146.5,146.5,1,OK,9,8540,nan,
32.53200000000652,2,150.0,,,acc2,146.5,146.5,1,OK,9,8540,nan,
32.625,2,150.0,,,acc2,146.5,146.5,1,OK,9,8540,nan,
32.73499999998603,2,150.0,,,acc2,146.5,146.5,1,OK,9,8540,nan,
32.828999999997905,2,150.0,,,acc2,146.5,146.5,1,OK,9,8540,nan,
32.937999999994645,2,150.0,,,acc2,146.4,146.5,1,OK,9,8539,nan,
33.03200000000652,2,150.0,,,acc2,146.4,146.5,1,OK,9,8539,nan,
33.14100000000326,2,150.0,,,acc2,146.5,146.5,1,OK,9,8540,nan,
33.28200000000652,2,150.0,,,acc2,146.5,146.5,1,OK,9,8541,nan,
33.35999999998603,2,150.0,,,acc2,146.5,146.5,1,OK,9,8541,nan,
33.437999999994645,2,150.0,,,acc2,146.5,146.5,1,OK,9,8540,nan,
33.53200000000652,2,150.0,,,acc2,146.5,146.5,1,OK,9,8540,nan,
33.625,2,150.0,,,acc2,146.5,146.5,1,OK,9,8540,nan,
33.73499999998603,2,150.0,,,acc2,146.5,146.5,1,OK,9,8540,nan,
33.828999999997905,2,150.0,,,acc2,146.5,146.5,1,OK,9,8540,nan,
33.937999999994645,2,150.0,,,acc2,146.5,146.5,1,OK,9,8541,nan,
34.03200000000652,2,150.0,,,acc2,146.5,146.5,1,OK,9,8541,nan,
34.125,2,150.0,,,acc2,146.5,146.5,1,OK,9,8540,nan,
34.28200000000652,2,150.0,,,acc2,146.5,146.5,1,OK,9,8541,nan,
34.375,2,150.0,,,acc2,146.5,146.5,1,OK,9,8541,nan,
34.437999999994645,2,150.0,,,acc2,146.5,146.5,1,OK,9,8540,nan,
34.53200000000652,2,150.0,,,acc2,146.5,146.5,1,OK,9,8541,nan,
34.625,2,150.0,,,acc2,146.5,146.5,1,OK,9,8540,nan,
34.73499999998603,2,150.0,,,acc2,146.5,146.5,1,OK,9,8540,nan,
34.828999999997905,2,150.0,,,acc2,146.5,146.5,1,OK,9,8540,nan,
34.937999999994645,2,150.0,,,acc2,146.5,146.5,1,OK,9,8540,nan,
